PublicationId,authors,topics,publication_year,Doi
551926,"['id:206159056594, name:Lukoye Atwoli'
 'id:386547616079, name:Kirsten Patrick'
 'id:532576531850, name:Damián Vázquez'
 'id:42949672963, name:Carlos Augusto Monteiro']",[144133560 155202549],2021,10.1136/BMJMILITARY-2021-001983
551957,"['id:206159056594, name:Lukoye Atwoli'
 'id:386547616079, name:Kirsten Patrick'
 'id:532576531850, name:Damián Vázquez'
 'id:42949672963, name:Carlos Augusto Monteiro']",[47768531 71924100],2021,10.1093/FAMPRA/CMAB101
8590488517,"['id:206159056594, name:Lukoye Atwoli'
 'id:386547616079, name:Kirsten Patrick'
 'id:532576531850, name:Damián Vázquez'
 'id:42949672963, name:Carlos Augusto Monteiro']",[144133560 175605778],2021,10.5152/TURKARCHPEDIATR.2021.21060921
25770356408,"['id:206159056594, name:Lukoye Atwoli'
 'id:386547616079, name:Kirsten Patrick'
 'id:532576531850, name:Damián Vázquez'
 'id:42949672963, name:Carlos Augusto Monteiro']",[47768531 71924100],2021,10.1093/EUROPACE/EUAB226
34360290764,"['id:206159056594, name:Lukoye Atwoli'
 'id:386547616079, name:Kirsten Patrick'
 'id:532576531850, name:Damián Vázquez'
 'id:42949672963, name:Carlos Augusto Monteiro']",[47768531 71924100],2021,10.1093/JTM/TAAB125
34360290891,"['id:206159056594, name:Lukoye Atwoli'
 'id:386547616079, name:Kirsten Patrick'
 'id:532576531850, name:Damián Vázquez'
 'id:42949672963, name:Carlos Augusto Monteiro']",[47768531 86803240],2021,10.1093/HMG/DDAB231
60130094586,"['id:206159056594, name:Lukoye Atwoli'
 'id:386547616079, name:Kirsten Patrick'
 'id:532576531850, name:Damián Vázquez'
 'id:42949672963, name:Carlos Augusto Monteiro']",[47768531 86803240],2021,10.1093/HMG/DDAB231
68720028858,"['id:206159056594, name:Lukoye Atwoli'
 'id:386547616079, name:Kirsten Patrick'
 'id:532576531850, name:Damián Vázquez'
 'id:42949672963, name:Carlos Augusto Monteiro']",[47768531 17744445],2021,10.1111/BCP.15048
68720028878,"['id:206159056594, name:Lukoye Atwoli'
 'id:386547616079, name:Kirsten Patrick'
 'id:532576531850, name:Damián Vázquez'
 'id:42949672963, name:Carlos Augusto Monteiro']",[47768531 17744445],2021,10.1093/JNCI/DJAB156
68720028879,"['id:206159056594, name:Lukoye Atwoli'
 'id:386547616079, name:Kirsten Patrick'
 'id:532576531850, name:Damián Vázquez'
 'id:42949672963, name:Carlos Augusto Monteiro']",[47768531 17744445],2021,10.1093/JPP/RGAB127
94489832576,"['id:206159056594, name:Lukoye Atwoli'
 'id:386547616079, name:Kirsten Patrick'
 'id:532576531850, name:Damián Vázquez'
 'id:42949672963, name:Carlos Augusto Monteiro']",[47768531 17744445],2021,10.1093/HUMREP/DEAB193
103079767966,"['id:206159056594, name:Lukoye Atwoli'
 'id:386547616079, name:Kirsten Patrick'
 'id:532576531850, name:Damián Vázquez'
 'id:42949672963, name:Carlos Augusto Monteiro']",[47768531 17744445],2021,10.1093/JAMIA/OCAB178
120259636108,"['id:206159056594, name:Lukoye Atwoli'
 'id:386547616079, name:Kirsten Patrick'
 'id:532576531850, name:Damián Vázquez'
 'id:42949672963, name:Carlos Augusto Monteiro']",[155202549  71924100],2021,10.1136/BCR-2021-246388
128849569873,"['id:206159056594, name:Lukoye Atwoli'
 'id:386547616079, name:Kirsten Patrick'
 'id:532576531850, name:Damián Vázquez'
 'id:42949672963, name:Carlos Augusto Monteiro']",[47768531 71924100],2021,10.1093/EURJPC/ZWAB140
137439505405,"['id:206159056594, name:Lukoye Atwoli'
 'id:386547616079, name:Kirsten Patrick'
 'id:532576531850, name:Damián Vázquez'
 'id:42949672963, name:Carlos Augusto Monteiro']",[ 3116431 71924100],2021,10.1056/NEJME2113200
137439505449,"['id:386547616079, name:Kirsten Patrick'
 'id:532576531850, name:Damián Vázquez'
 'id:42949672963, name:Carlos Augusto Monteiro']",[144133560 175605778],2021,10.1093/ALCALC/AGAB061
137439505461,"['id:206159056594, name:Lukoye Atwoli'
 'id:386547616079, name:Kirsten Patrick'
 'id:532576531850, name:Damián Vázquez'
 'id:42949672963, name:Carlos Augusto Monteiro']",[155202549  71924100],2021,10.1093/EHJCR/YTAB326
163209309443,"['id:206159056594, name:Lukoye Atwoli'
 'id:386547616079, name:Kirsten Patrick'
 'id:532576531850, name:Damián Vázquez'
 'id:42949672963, name:Carlos Augusto Monteiro']",[47768531 17744445],2021,10.1136/BMJOS-2021-100241
171799244156,"['id:206159056594, name:Lukoye Atwoli'
 'id:386547616079, name:Kirsten Patrick'
 'id:532576531850, name:Damián Vázquez'
 'id:42949672963, name:Carlos Augusto Monteiro']",[162324750 175605778],2021,10.1093/SCHIZBULLOPEN/SGAB038
180389178772,"['id:206159056594, name:Lukoye Atwoli'
 'id:386547616079, name:Kirsten Patrick'
 'id:532576531850, name:Damián Vázquez'
 'id:42949672963, name:Carlos Augusto Monteiro']",[47768531 17744445],2021,10.1093/PTJ/PZAB193
188979112747,"['id:206159056594, name:Lukoye Atwoli'
 'id:386547616079, name:Kirsten Patrick'
 'id:532576531850, name:Damián Vázquez'
 'id:42949672963, name:Carlos Augusto Monteiro']",[47768531 17744445],2021,10.1136/WJPS-2021-000353
197569049140,"['id:206159056594, name:Lukoye Atwoli'
 'id:386547616079, name:Kirsten Patrick'
 'id:532576531850, name:Damián Vázquez'
 'id:42949672963, name:Carlos Augusto Monteiro']",[155202549  17744445],2021,10.1136/BMJSIT-2021-000112
197569049143,"['id:206159056594, name:Lukoye Atwoli'
 'id:386547616079, name:Kirsten Patrick'
 'id:532576531850, name:Damián Vázquez'
 'id:42949672963, name:Carlos Augusto Monteiro']",[47768531 17744445],2021,10.1136/BMJPO-2021-001266
197569049194,"['id:206159056594, name:Lukoye Atwoli'
 'id:386547616079, name:Kirsten Patrick'
 'id:532576531850, name:Damián Vázquez'
 'id:42949672963, name:Carlos Augusto Monteiro']",[47768531 71924100],2021,10.1093/NOP/NPAB050
231928787416,"['id:206159056594, name:Lukoye Atwoli'
 'id:386547616079, name:Kirsten Patrick'
 'id:532576531850, name:Damián Vázquez'
 'id:42949672963, name:Carlos Augusto Monteiro']",[47768531 71924100],2021,10.1002/IJGO.13864
249108629421,"['id:755914786301, name:A.S. Barabash'
 'id:1219771280085, name:F. T. Avignone'
 'id:730144966089, name:R. Henning' 'id:970663200381, name:J.F. Wilkerson'
 'id:1374390031044, name:Richard Kouzes'
 'id:326418083625, name:T. Gilliss' 'id:60130093551, name:R. Massarczyk']",[121332964 109214941],2021,10.1103/PHYSREVC.103.015501
249108647243,"['id:111669774394, name:Eva Nordberg Karlsson'
 'id:377957629331, name:Andrius Jasilionis'
 'id:652835636296, name:Hasan Arsın']",[86803240 54355233],2021,10.3390/V13071215
249108654598,"['id:206159056594, name:Lukoye Atwoli'
 'id:386547616079, name:Kirsten Patrick'
 'id:532576531850, name:Damián Vázquez'
 'id:42949672963, name:Carlos Augusto Monteiro']",[47768531 17744445],2021,10.1093/SLEEP/ZSAB205
266288523448,"['id:206159056594, name:Lukoye Atwoli'
 'id:386547616079, name:Kirsten Patrick'
 'id:532576531850, name:Damián Vázquez'
 'id:42949672963, name:Carlos Augusto Monteiro']",[175605778  71924100],2021,10.5334/GH.1072
274878459016,"['id:206159056594, name:Lukoye Atwoli'
 'id:386547616079, name:Kirsten Patrick'
 'id:532576531850, name:Damián Vázquez'
 'id:42949672963, name:Carlos Augusto Monteiro']",[47768531 17744445],2021,10.1016/S2352-4642(21)00283-2
274878459038,"['id:206159056594, name:Lukoye Atwoli'
 'id:386547616079, name:Kirsten Patrick'
 'id:532576531850, name:Damián Vázquez'
 'id:42949672963, name:Carlos Augusto Monteiro']",[47768531 17744445],2021,10.1136/BJSPORTS-2021-104913
300648265060,"['id:206159056594, name:Lukoye Atwoli'
 'id:386547616079, name:Kirsten Patrick'
 'id:532576531850, name:Damián Vázquez'
 'id:42949672963, name:Carlos Augusto Monteiro']",[144133560 175605778],2021,10.5152/TURKTHORACJ.2021.21060921
317828095048,"['id:472446930578, name:Kazuhiko Hara' 'id:549756390430, name:Sayaka Wada'
 'id:644245601677, name:Kyoji Onaru'
 'id:627065791804, name:Yoshinobu Unno']",[ 49040817 121332964],2021,10.1016/J.NIMA.2020.164664
317828132021,"['id:206159056594, name:Lukoye Atwoli'
 'id:386547616079, name:Kirsten Patrick'
 'id:532576531850, name:Damián Vázquez'
 'id:42949672963, name:Carlos Augusto Monteiro']",[47768531 71924100],2021,10.1093/EJCTS/EZAB393
326418064967,"['id:206159056594, name:Lukoye Atwoli'
 'id:386547616079, name:Kirsten Patrick'
 'id:532576531850, name:Damián Vázquez'
 'id:42949672963, name:Carlos Augusto Monteiro']",[47768531 17744445],2021,10.1038/S41415-021-3425-X
335008001465,"['id:206159056594, name:Lukoye Atwoli'
 'id:386547616079, name:Kirsten Patrick'
 'id:532576531850, name:Damián Vázquez'
 'id:42949672963, name:Carlos Augusto Monteiro']",[47768531 71924100],2021,10.1136/RMDOPEN-2021-001884
335008003628,"['id:206159056594, name:Lukoye Atwoli'
 'id:386547616079, name:Kirsten Patrick'
 'id:532576531850, name:Damián Vázquez'
 'id:42949672963, name:Carlos Augusto Monteiro']",[144133560 175605778],2021,10.5152/PCP.2021.21060921
352187868996,"['id:206159056594, name:Lukoye Atwoli'
 'id:386547616079, name:Kirsten Patrick'
 'id:532576531850, name:Damián Vázquez'
 'id:42949672963, name:Carlos Augusto Monteiro']",[ 17744445 105639569],2021,10.1111/ALL.15059
369367738595,"['id:206159056594, name:Lukoye Atwoli'
 'id:386547616079, name:Kirsten Patrick'
 'id:532576531850, name:Damián Vázquez'
 'id:42949672963, name:Carlos Augusto Monteiro']",[47768531 17744445],2021,10.1093/AJHP/ZXAB328
377957673084,"['id:206159056594, name:Lukoye Atwoli'
 'id:386547616079, name:Kirsten Patrick'
 'id:532576531850, name:Damián Vázquez'
 'id:42949672963, name:Carlos Augusto Monteiro']",[47768531 17744445],2021,10.1128/MBIO.02491-21
377957673303,"['id:206159056594, name:Lukoye Atwoli'
 'id:386547616079, name:Kirsten Patrick'
 'id:532576531850, name:Damián Vázquez'
 'id:42949672963, name:Carlos Augusto Monteiro']",[47768531 17744445],2021,10.4045/TIDSSKR.21.0587
377957680231,"['id:1357210244870, name:Miguel Ullán' 'id:721555126163, name:C. Lacasta'
 'id:463857057299, name:C. García']",[ 9390403 41008148],2021,10.1051/EPJCONF/202125310004
386547608916,"['id:953483295004, name:Agnieszka Morzywolek'
 'id:300648343950, name:Tadeusz Kaczorowski'
 'id:566936217113, name:Anna-Karina Kaczorowska']",[185592680  89423630],2021,10.3390/IJMS22179536
412317413421,"['id:206159056594, name:Lukoye Atwoli'
 'id:386547616079, name:Kirsten Patrick'
 'id:532576531850, name:Damián Vázquez'
 'id:42949672963, name:Carlos Augusto Monteiro']",[47768531 17744445],2021,10.1136/OEMED-2021-107960
420907347435,"['id:206159056594, name:Lukoye Atwoli'
 'id:386547616079, name:Kirsten Patrick'
 'id:532576531850, name:Damián Vázquez'
 'id:42949672963, name:Carlos Augusto Monteiro']",[47768531 17744445],2021,10.1093/TBM/IBAB121
420907347453,"['id:206159056594, name:Lukoye Atwoli'
 'id:386547616079, name:Kirsten Patrick'
 'id:532576531850, name:Damián Vázquez'
 'id:42949672963, name:Carlos Augusto Monteiro']",[47768531 17744445],2021,10.1093/JSPRM/SNAB001
429497280975,"['id:206159056594, name:Lukoye Atwoli'
 'id:386547616079, name:Kirsten Patrick'
 'id:532576531850, name:Damián Vázquez'
 'id:42949672963, name:Carlos Augusto Monteiro']",[47768531 17744445],2021,10.1016/S2214-109X(21)00398-3
429497281035,"['id:206159056594, name:Lukoye Atwoli'
 'id:386547616079, name:Kirsten Patrick'
 'id:532576531850, name:Damián Vázquez'
 'id:42949672963, name:Carlos Augusto Monteiro']",[105639569  71924100],2021,10.1177/02692163211041999
438087195140,"['id:592705983166, name:Dongpeng Li'
 'id:566936246742, name:Xiaoxiang Zhao' 'id:1632088169953, name:X. Kang'
 'id:274878487776, name:Linglong Chu']",[185592680  13965031],2021,10.1016/J.CHEMOSPHERE.2021.130042
438087215513,"['id:206159056594, name:Lukoye Atwoli'
 'id:386547616079, name:Kirsten Patrick'
 'id:532576531850, name:Damián Vázquez'
 'id:42949672963, name:Carlos Augusto Monteiro']",[47768531 71924100],2021,10.1136/ANNRHEUMDIS-2021-221353
438087215558,"['id:206159056594, name:Lukoye Atwoli'
 'id:386547616079, name:Kirsten Patrick'
 'id:532576531850, name:Damián Vázquez'
 'id:42949672963, name:Carlos Augusto Monteiro']",[47768531 71924100],2021,10.1093/AJH/HPAB126
446677137093,"['id:8590476623, name:Joseph Razzell Hollis'
 'id:670015431190, name:Aaron S. Burton'
 'id:420907327282, name:Sanford A. Asher']",[192562407 120665830],2021,10.1177/00037028211013368
446677151238,"['id:206159056594, name:Lukoye Atwoli'
 'id:386547616079, name:Kirsten Patrick'
 'id:532576531850, name:Damián Vázquez'
 'id:42949672963, name:Carlos Augusto Monteiro']",[162324750 175605778],2021,10.1093/SLEEPADVANCES/ZPAB012
455267085514,"['id:206159056594, name:Lukoye Atwoli'
 'id:386547616079, name:Kirsten Patrick'
 'id:532576531850, name:Damián Vázquez'
 'id:42949672963, name:Carlos Augusto Monteiro']",[47768531 17744445],2021,10.1016/J.LANWPC.2021.100274
455267085549,"['id:206159056594, name:Lukoye Atwoli'
 'id:386547616079, name:Kirsten Patrick'
 'id:532576531850, name:Damián Vázquez'
 'id:42949672963, name:Carlos Augusto Monteiro']",[47768531 71924100],2021,10.1093/AGEING/AFAB185
463857026628,"['id:206159056594, name:Lukoye Atwoli'
 'id:386547616079, name:Kirsten Patrick'
 'id:532576531850, name:Damián Vázquez'
 'id:42949672963, name:Carlos Augusto Monteiro']",[ 17744445 105639569],2021,10.3325/CMJ.2021.62.429
472446947809,"['id:1451699520790, name:T. Zakareishvili'
 'id:412317451535, name:Seyedali Moayedi'
 'id:60130065240, name:Pedro Zuccarello' 'id:51540189384, name:F. Carrió'
 'id:1503239148057, name:Y. Kulchitsky'
 'id:163209263484, name:E. Valdes Santurio'
 'id:1451699535419, name:P. Starovoitov']",[121332964 185544564],2021,10.1140/EPJC/S10052-021-09292-5
472446954910,"['id:206159056594, name:Lukoye Atwoli'
 'id:386547616079, name:Kirsten Patrick'
 'id:532576531850, name:Damián Vázquez'
 'id:42949672963, name:Carlos Augusto Monteiro']",[47768531 17744445],2021,10.1093/CROCOL/OTAB058
472446954980,"['id:206159056594, name:Lukoye Atwoli'
 'id:386547616079, name:Kirsten Patrick'
 'id:532576531850, name:Damián Vázquez'
 'id:42949672963, name:Carlos Augusto Monteiro']",[47768531 71924100],2021,10.5867/MEDWAVE.2021.08.8444
481036889427,"['id:206159056594, name:Lukoye Atwoli'
 'id:386547616079, name:Kirsten Patrick'
 'id:532576531850, name:Damián Vázquez'
 'id:42949672963, name:Carlos Augusto Monteiro']",[47768531 17744445],2021,10.1371/JOURNAL.PMED.1003755
489626799367,"['id:412317423620, name:Tatsuya Ogawa'
 'id:506806679826, name:Nobushige Tamura'
 'id:962073174460, name:Shinji Miki'
 'id:670015450847, name:Keiichi Tambara'
 'id:429497331675, name:Yasuhiko Terai'
 'id:575526146813, name:Shogo Nakayama'
 'id:377957718049, name:Junichiro Nishizawa'
 'id:1159641735723, name:Hiroshi Tsuneyoshi']",[164705383 126322002  71924100],2021,10.1016/J.AMJCARD.2020.12.076
489626823854,"['id:206159056594, name:Lukoye Atwoli'
 'id:386547616079, name:Kirsten Patrick'
 'id:532576531850, name:Damián Vázquez'
 'id:42949672963, name:Carlos Augusto Monteiro']",[155202549  71924100],2021,10.7861/CLINMED.ED.21.5.2
506806692488,"['id:206159056594, name:Lukoye Atwoli'
 'id:386547616079, name:Kirsten Patrick'
 'id:532576531850, name:Damián Vázquez'
 'id:42949672963, name:Carlos Augusto Monteiro']",[47768531 71924100],2021,10.1093/EURHEARTJ/EHAB572
515396621262,"['id:1529008929435, name:D I Glazier' 'id:858994021614, name:D P Watts'
 'id:635655737196, name:S. J. D. Kay' 'id:111669734024, name:D Paudyal'
 'id:678605427926, name:F. Afzal' 'id:309238158932, name:Garth M. Huber']",[121332964 185544564 109214941],2021,10.1140/EPJA/S10050-021-00521-9
515396628235,"['id:206159056594, name:Lukoye Atwoli'
 'id:386547616079, name:Kirsten Patrick'
 'id:532576531850, name:Damián Vázquez'
 'id:42949672963, name:Carlos Augusto Monteiro']",[47768531 71924100],2021,10.1093/IJPP/RIAB059
532576495740,"['id:206159056594, name:Lukoye Atwoli'
 'id:386547616079, name:Kirsten Patrick'
 'id:532576531850, name:Damián Vázquez'
 'id:42949672963, name:Carlos Augusto Monteiro']",[47768531 17744445],2021,10.1136/BMJGH-2021-007228
532576495746,"['id:206159056594, name:Lukoye Atwoli'
 'id:386547616079, name:Kirsten Patrick'
 'id:532576531850, name:Damián Vázquez'
 'id:42949672963, name:Carlos Augusto Monteiro']",[47768531 17744445],2021,10.1093/HEAPRO/DAAB136
541166432252,"['id:206159056594, name:Lukoye Atwoli'
 'id:386547616079, name:Kirsten Patrick'
 'id:532576531850, name:Damián Vázquez'
 'id:42949672963, name:Carlos Augusto Monteiro']",[175605778  71924100],2021,10.1016/J.ANNONC.2021.08.1743
541166432294,"['id:206159056594, name:Lukoye Atwoli'
 'id:386547616079, name:Kirsten Patrick'
 'id:532576531850, name:Damián Vázquez'
 'id:42949672963, name:Carlos Augusto Monteiro']",[47768531 71924100],2021,10.1093/EURJCN/ZVAB069
541166433540,"['id:206159056594, name:Lukoye Atwoli'
 'id:386547616079, name:Kirsten Patrick'
 'id:532576531850, name:Damián Vázquez'
 'id:42949672963, name:Carlos Augusto Monteiro']",[47768531 17744445],2021,10.4102/AJLM.V10I1.1707
566936236636,"['id:206159056594, name:Lukoye Atwoli'
 'id:386547616079, name:Kirsten Patrick'
 'id:532576531850, name:Damián Vázquez'
 'id:42949672963, name:Carlos Augusto Monteiro']",[144133560 175605778],2021,10.5152/BALKANMEDJ.2021.21060921
575526168397,"['id:206159056594, name:Lukoye Atwoli'
 'id:386547616079, name:Kirsten Patrick'
 'id:532576531850, name:Damián Vázquez'
 'id:42949672963, name:Carlos Augusto Monteiro']",[47768531 71924100],2021,10.1136/EMERMED-2021-211953
575526168796,"['id:206159056594, name:Lukoye Atwoli'
 'id:386547616079, name:Kirsten Patrick'
 'id:532576531850, name:Damián Vázquez'
 'id:42949672963, name:Carlos Augusto Monteiro']",[175605778  71924100],2021,10.1016/J.ANNONC.2021.08.1743
584116105142,"['id:206159056594, name:Lukoye Atwoli'
 'id:386547616079, name:Kirsten Patrick'
 'id:532576531850, name:Damián Vázquez'
 'id:42949672963, name:Carlos Augusto Monteiro']",[47768531 71924100],2021,10.1093/RHEUMATOLOGY/KEAB640
584116105155,"['id:206159056594, name:Lukoye Atwoli'
 'id:386547616079, name:Kirsten Patrick'
 'id:532576531850, name:Damián Vázquez'
 'id:42949672963, name:Carlos Augusto Monteiro']",[144133560 175605778],2021,10.1093/OXFCLM/KGAB008
584116105196,"['id:206159056594, name:Lukoye Atwoli'
 'id:386547616079, name:Kirsten Patrick'
 'id:532576531850, name:Damián Vázquez'
 'id:42949672963, name:Carlos Augusto Monteiro']",[47768531 71924100],2021,10.3399/BJGP21X717065
592706040068,"['id:206159056594, name:Lukoye Atwoli'
 'id:386547616079, name:Kirsten Patrick'
 'id:532576531850, name:Damián Vázquez'
 'id:42949672963, name:Carlos Augusto Monteiro']",[ 17744445 105639569],2021,10.1111/OPN.12422
609885908300,"['id:206159056594, name:Lukoye Atwoli'
 'id:386547616079, name:Kirsten Patrick'
 'id:532576531850, name:Damián Vázquez'
 'id:42949672963, name:Carlos Augusto Monteiro']",[47768531 17744445],2021,10.1136/EBMENTAL-2021-300328
670015448809,"['id:206159056594, name:Lukoye Atwoli'
 'id:386547616079, name:Kirsten Patrick'
 'id:532576531850, name:Damián Vázquez'
 'id:42949672963, name:Carlos Augusto Monteiro']",[47768531 17744445],2021,10.1093/PUBMED/FDAB326
687195319750,"['id:206159056594, name:Lukoye Atwoli'
 'id:386547616079, name:Kirsten Patrick'
 'id:532576531850, name:Damián Vázquez'
 'id:42949672963, name:Carlos Augusto Monteiro']",[47768531 71924100],2021,10.1093/ECCO-JCC/JJAB150
695785254171,"['id:206159056594, name:Lukoye Atwoli'
 'id:386547616079, name:Kirsten Patrick'
 'id:532576531850, name:Damián Vázquez'
 'id:42949672963, name:Carlos Augusto Monteiro']",[144133560 175605778],2021,10.1093/JAMIAOPEN/OOAB072
695785257370,"['id:206159056594, name:Lukoye Atwoli'
 'id:386547616079, name:Kirsten Patrick'
 'id:532576531850, name:Damián Vázquez'
 'id:42949672963, name:Carlos Augusto Monteiro']",[47768531 71924100],2021,10.5543/TKDA.2021.21060921
712965098795,"['id:146029430127, name:Kee Yuan Ngiam'
 'id:395137625025, name:Brett K Beaulieu-Jones'
 'id:120259721210, name:Griffin M Weber'
 'id:25770432625, name:Martin Boeker']",[194828623  71924100],2021,10.1093/JAMIA/OCAB018
712965121609,"['id:206159056594, name:Lukoye Atwoli'
 'id:386547616079, name:Kirsten Patrick'
 'id:532576531850, name:Damián Vázquez'
 'id:42949672963, name:Carlos Augusto Monteiro']",[144133560 175605778],2021,10.5334/IJIC.6218
730144992768,"['id:206159056594, name:Lukoye Atwoli'
 'id:386547616079, name:Kirsten Patrick'
 'id:532576531850, name:Damián Vázquez'
 'id:42949672963, name:Carlos Augusto Monteiro']",[47768531 17744445],2021,10.1093/EURPUB/CKAB141
755914802253,"['id:206159056594, name:Lukoye Atwoli'
 'id:386547616079, name:Kirsten Patrick'
 'id:532576531850, name:Damián Vázquez'
 'id:42949672963, name:Carlos Augusto Monteiro']",[47768531 17744445],2021,10.29390/CJRT-2021-056
764504730082,"['id:206159056594, name:Lukoye Atwoli'
 'id:386547616079, name:Kirsten Patrick'
 'id:532576531850, name:Damián Vázquez'
 'id:42949672963, name:Carlos Augusto Monteiro']",[155202549  17744445],2021,10.1002/VETR.875
764504731686,"['id:206159056594, name:Lukoye Atwoli'
 'id:386547616079, name:Kirsten Patrick'
 'id:532576531850, name:Damián Vázquez'
 'id:42949672963, name:Carlos Augusto Monteiro']",[175605778  71924100],2021,10.5152/J.AOTT.2021.21060921
790274534480,"['id:206159056594, name:Lukoye Atwoli'
 'id:386547616079, name:Kirsten Patrick'
 'id:532576531850, name:Damián Vázquez'
 'id:42949672963, name:Carlos Augusto Monteiro']",[155202549  17744445],2021,10.1212/WNL.0000000000012691
798864469831,"['id:206159056594, name:Lukoye Atwoli'
 'id:386547616079, name:Kirsten Patrick'
 'id:532576531850, name:Damián Vázquez'
 'id:42949672963, name:Carlos Augusto Monteiro']",[155202549  17744445],2021,10.1093/PCH/PXAB075
798864469898,"['id:206159056594, name:Lukoye Atwoli'
 'id:386547616079, name:Kirsten Patrick'
 'id:532576531850, name:Damián Vázquez'
 'id:42949672963, name:Carlos Augusto Monteiro']",[144133560 175605778],2021,10.5334/AOGH.3545
816044338497,"['id:206159056594, name:Lukoye Atwoli'
 'id:386547616079, name:Kirsten Patrick'
 'id:532576531850, name:Damián Vázquez'
 'id:42949672963, name:Carlos Augusto Monteiro']",[47768531 17744445],2021,10.1136/BMJ.N1734
824634273508,"['id:206159056594, name:Lukoye Atwoli'
 'id:386547616079, name:Kirsten Patrick'
 'id:532576531850, name:Damián Vázquez'
 'id:42949672963, name:Carlos Augusto Monteiro']",[155202549  17744445],2021,10.1177/10105395211043959
824634281956,"['id:858993963844, name:J. Gunnell' 'id:987842971362, name:Z. Galloway'
 'id:1279900868211, name:A.A. Affolder']",[ 49040817 192562407],2021,10.1088/1748-0221/16/03/P03037
824634287477,"['id:206159056594, name:Lukoye Atwoli'
 'id:386547616079, name:Kirsten Patrick'
 'id:532576531850, name:Damián Vázquez'
 'id:42949672963, name:Carlos Augusto Monteiro']",[47768531 17744445],2021,10.1093/IJE/DYAB183
833224207890,"['id:206159056594, name:Lukoye Atwoli'
 'id:386547616079, name:Kirsten Patrick'
 'id:532576531850, name:Damián Vázquez'
 'id:42949672963, name:Carlos Augusto Monteiro']",[47768531 17744445],2021,10.1016/J.LANEPE.2021.100220
833224207938,"['id:206159056594, name:Lukoye Atwoli'
 'id:386547616079, name:Kirsten Patrick'
 'id:532576531850, name:Damián Vázquez'
 'id:42949672963, name:Carlos Augusto Monteiro']",[47768531 17744445],2021,10.1093/CVR/CVAB268
833224207939,"['id:206159056594, name:Lukoye Atwoli'
 'id:386547616079, name:Kirsten Patrick'
 'id:532576531850, name:Damián Vázquez'
 'id:42949672963, name:Carlos Augusto Monteiro']",[47768531 17744445],2021,10.1093/BRAIN/AWAB296
850404065862,"['id:8590476623, name:Joseph Razzell Hollis'
 'id:670015431190, name:Aaron S. Burton'
 'id:850404158707, name:William F. Hug'
 'id:1116692090614, name:Michelle E. Minitti'
 'id:1022202743572, name:F. Tony Ghaemi'
 'id:420907327282, name:Sanford A. Asher'
 'id:120259625277, name:K H Williford'
 'id:979253166350, name:Pablo Sobron']",[192562407 120665830],2021,10.1007/S11214-021-00812-Z
850404076210,"['id:206159056594, name:Lukoye Atwoli'
 'id:386547616079, name:Kirsten Patrick'
 'id:532576531850, name:Damián Vázquez'
 'id:42949672963, name:Carlos Augusto Monteiro']",[47768531 17744445],2021,10.1016/J.IJNURSTU.2021.104060
858994005064,"['id:592705983166, name:Dongpeng Li'
 'id:566936246742, name:Xiaoxiang Zhao' 'id:1632088169953, name:X. Kang'
 'id:274878487776, name:Linglong Chu']",[185592680  89423630],2021,10.1016/J.ENVPOL.2021.117644
858994012504,"['id:206159056594, name:Lukoye Atwoli'
 'id:386547616079, name:Kirsten Patrick'
 'id:532576531850, name:Damián Vázquez'
 'id:42949672963, name:Carlos Augusto Monteiro']",[47768531 17744445],2021,10.1136/JCLINPATH-2021-207907
858994012506,"['id:206159056594, name:Lukoye Atwoli'
 'id:386547616079, name:Kirsten Patrick'
 'id:532576531850, name:Damián Vázquez'
 'id:42949672963, name:Carlos Augusto Monteiro']",[47768531 71924100],2021,10.1136/SEXTRANS-2021-055267
858994012526,"['id:206159056594, name:Lukoye Atwoli'
 'id:386547616079, name:Kirsten Patrick'
 'id:532576531850, name:Damián Vázquez'
 'id:42949672963, name:Carlos Augusto Monteiro']",[155202549  71924100],2021,10.1136/IJGC-2021-003033
867583945860,"['id:206159056594, name:Lukoye Atwoli'
 'id:386547616079, name:Kirsten Patrick'
 'id:532576531850, name:Damián Vázquez'
 'id:42949672963, name:Carlos Augusto Monteiro']",[47768531 71924100],2021,10.1136/ARCHDISCHILD-2021-323039
867583945885,"['id:206159056594, name:Lukoye Atwoli'
 'id:386547616079, name:Kirsten Patrick'
 'id:532576531850, name:Damián Vázquez'
 'id:42949672963, name:Carlos Augusto Monteiro']",[144133560  74363100],2021,10.1080/16549716.2021.1965745
867583945888,"['id:206159056594, name:Lukoye Atwoli'
 'id:386547616079, name:Kirsten Patrick'
 'id:532576531850, name:Damián Vázquez'
 'id:42949672963, name:Carlos Augusto Monteiro']",[162324750 175605778],2021,10.1093/GERONT/GNAB117
876173880125,"['id:206159056594, name:Lukoye Atwoli'
 'id:386547616079, name:Kirsten Patrick'
 'id:532576531850, name:Damián Vázquez'
 'id:42949672963, name:Carlos Augusto Monteiro']",[47768531 17744445],2021,10.1136/BMJOQ-2021-001649
884763813347,"['id:206159056594, name:Lukoye Atwoli'
 'id:386547616079, name:Kirsten Patrick'
 'id:532576531850, name:Damián Vázquez'
 'id:42949672963, name:Carlos Augusto Monteiro']",[47768531 17744445],2021,10.1016/S2468-2667(21)00204-8
884763813377,"['id:206159056594, name:Lukoye Atwoli'
 'id:386547616079, name:Kirsten Patrick'
 'id:532576531850, name:Damián Vázquez'
 'id:42949672963, name:Carlos Augusto Monteiro']",[47768531 17744445],2021,10.1136/BMJINNOV-2021-000834
884763813430,"['id:206159056594, name:Lukoye Atwoli'
 'id:386547616079, name:Kirsten Patrick'
 'id:532576531850, name:Damián Vázquez'
 'id:42949672963, name:Carlos Augusto Monteiro']",[47768531 17744445],2021,10.1136/BMJNPH-2021-000356
893353740300,"['id:1082332353958, name:L. X. Chung' 'id:489626828750, name:F. Château'
 'id:25770396873, name:V. Lapoux']",[121332964   8058405],2021,10.1103/PHYSREVC.103.064308
893353748566,"['id:206159056594, name:Lukoye Atwoli'
 'id:386547616079, name:Kirsten Patrick'
 'id:532576531850, name:Damián Vázquez'
 'id:42949672963, name:Carlos Augusto Monteiro']",[47768531 17744445],2021,10.5694/MJA2.51221
910533620606,"['id:206159056594, name:Lukoye Atwoli'
 'id:386547616079, name:Kirsten Patrick'
 'id:532576531850, name:Damián Vázquez'
 'id:42949672963, name:Carlos Augusto Monteiro']",[105639569  71924100],2021,10.1111/1471-0528.16860
927713487450,"['id:206159056594, name:Lukoye Atwoli'
 'id:386547616079, name:Kirsten Patrick'
 'id:532576531850, name:Damián Vázquez'
 'id:42949672963, name:Carlos Augusto Monteiro']",[47768531 17744445],2021,10.1093/IJE/DYAB183
927713489577,"['id:206159056594, name:Lukoye Atwoli'
 'id:386547616079, name:Kirsten Patrick'
 'id:532576531850, name:Damián Vázquez'
 'id:42949672963, name:Carlos Augusto Monteiro']",[47768531 17744445],2021,10.1097/SGA.0000000000000642
944893350366,"['id:412317423620, name:Tatsuya Ogawa'
 'id:506806679826, name:Nobushige Tamura'
 'id:1022202708446, name:Eiji Shinoda'
 'id:1125281959791, name:Kazuhisa Kaneda'
 'id:962073174460, name:Shinji Miki'
 'id:670015450847, name:Keiichi Tambara'
 'id:575526146813, name:Shogo Nakayama'
 'id:377957718049, name:Junichiro Nishizawa'
 'id:1159641735723, name:Hiroshi Tsuneyoshi']",[164705383 126322002  71924100],2021,10.1016/J.AMJCARD.2021.05.015
944893356467,"['id:206159056594, name:Lukoye Atwoli'
 'id:386547616079, name:Kirsten Patrick'
 'id:532576531850, name:Damián Vázquez'
 'id:42949672963, name:Carlos Augusto Monteiro']",[144133560 175605778],2021,10.4103/0971-5916.325594
953483292342,"['id:206159056594, name:Lukoye Atwoli'
 'id:386547616079, name:Kirsten Patrick'
 'id:532576531850, name:Damián Vázquez'
 'id:42949672963, name:Carlos Augusto Monteiro']",[47768531 17744445],2021,10.4103/2666-4909.325595
953483292361,"['id:206159056594, name:Lukoye Atwoli'
 'id:386547616079, name:Kirsten Patrick'
 'id:532576531850, name:Damián Vázquez'
 'id:42949672963, name:Carlos Augusto Monteiro']",[47768531 17744445],2021,10.1503/CMAJ.211338
953483297430,"['id:489626828750, name:F. Château' 'id:25770396873, name:V. Lapoux'
 'id:798864434338, name:L. X. Chung']",[121332964 185544564 184779094],2021,10.1103/PHYSREVC.104.044331
962073225421,"['id:206159056594, name:Lukoye Atwoli'
 'id:386547616079, name:Kirsten Patrick'
 'id:532576531850, name:Damián Vázquez'
 'id:42949672963, name:Carlos Augusto Monteiro']",[47768531 71924100],2021,10.1136/FLGASTRO-2021-101993
970663160323,"['id:206159056594, name:Lukoye Atwoli'
 'id:386547616079, name:Kirsten Patrick'
 'id:532576531850, name:Damián Vázquez'
 'id:42949672963, name:Carlos Augusto Monteiro']",[47768531 17744445],2021,10.1177/01410768211042142
979253095423,"['id:206159056594, name:Lukoye Atwoli'
 'id:386547616079, name:Kirsten Patrick'
 'id:532576531850, name:Damián Vázquez'
 'id:42949672963, name:Carlos Augusto Monteiro']",[47768531 71924100],2021,10.1136/BMJEBM-2021-111808
979253095441,"['id:206159056594, name:Lukoye Atwoli'
 'id:386547616079, name:Kirsten Patrick'
 'id:532576531850, name:Damián Vázquez'
 'id:42949672963, name:Carlos Augusto Monteiro']",[159110408  17744445 105639569],2021,10.1111/INR.12711
979253095561,"['id:206159056594, name:Lukoye Atwoli'
 'id:386547616079, name:Kirsten Patrick'
 'id:532576531850, name:Damián Vázquez'
 'id:42949672963, name:Carlos Augusto Monteiro']",[144133560 175605778],2021,10.5334/OHD.36
987843030413,"['id:206159056594, name:Lukoye Atwoli'
 'id:386547616079, name:Kirsten Patrick'
 'id:532576531850, name:Damián Vázquez'
 'id:42949672963, name:Carlos Augusto Monteiro']",[47768531 17744445],2021,10.1136/BMJSEM-2021-001209
987843030462,"['id:206159056594, name:Lukoye Atwoli'
 'id:386547616079, name:Kirsten Patrick'
 'id:532576531850, name:Damián Vázquez'
 'id:42949672963, name:Carlos Augusto Monteiro']",[47768531 71924100],2021,10.1093/JPHSR/RMAB046
1013612833669,"['id:206159056594, name:Lukoye Atwoli'
 'id:386547616079, name:Kirsten Patrick'
 'id:532576531850, name:Damián Vázquez'
 'id:42949672963, name:Carlos Augusto Monteiro']",[47768531 17744445],2021,10.1016/S2542-5196(21)00253-9
1013612833702,"['id:206159056594, name:Lukoye Atwoli'
 'id:386547616079, name:Kirsten Patrick'
 'id:532576531850, name:Damián Vázquez'
 'id:42949672963, name:Carlos Augusto Monteiro']",[47768531 17744445],2021,10.1016/J.LANA.2021.100070
1013612840401,"['id:206159056594, name:Lukoye Atwoli'
 'id:386547616079, name:Kirsten Patrick'
 'id:532576531850, name:Damián Vázquez'
 'id:42949672963, name:Carlos Augusto Monteiro']",[155202549  17744445],2021,10.14745/CCDR.V47I11A01
1030792702024,"['id:206159056594, name:Lukoye Atwoli'
 'id:386547616079, name:Kirsten Patrick'
 'id:532576531850, name:Damián Vázquez'
 'id:42949672963, name:Carlos Augusto Monteiro']",[155202549  17744445],2021,10.1515/TJB-2021-2356
1047972570861,"['id:206159056594, name:Lukoye Atwoli'
 'id:386547616079, name:Kirsten Patrick'
 'id:532576531850, name:Damián Vázquez'
 'id:42949672963, name:Carlos Augusto Monteiro']",[47768531 71924100],2021,10.1093/EHJACC/ZUAB071
1082332290114,"['id:51540165879, name:L. Bosisio' 'id:1305670675315, name:L. Vitale'
 'id:747324904932, name:G. Rizzo']",[121332964 120665830],2021,10.1016/J.NIMA.2021.165157
1082332311131,"['id:206159056594, name:Lukoye Atwoli'
 'id:386547616079, name:Kirsten Patrick'
 'id:532576531850, name:Damián Vázquez'
 'id:42949672963, name:Carlos Augusto Monteiro']",[47768531 71924100],2021,10.1308/RCSANN.2021.0268
1082332311151,"['id:206159056594, name:Lukoye Atwoli'
 'id:386547616079, name:Kirsten Patrick'
 'id:532576531850, name:Damián Vázquez'
 'id:42949672963, name:Carlos Augusto Monteiro']",[47768531 17744445],2021,10.1093/AJCP/AQAB151
1090922244626,"['id:206159056594, name:Lukoye Atwoli'
 'id:386547616079, name:Kirsten Patrick'
 'id:532576531850, name:Damián Vázquez'
 'id:42949672963, name:Carlos Augusto Monteiro']",[155202549  17744445],2021,10.5195/IJMS.2021.1148
1090922246564,"['id:206159056594, name:Lukoye Atwoli'
 'id:386547616079, name:Kirsten Patrick'
 'id:532576531850, name:Damián Vázquez'
 'id:42949672963, name:Carlos Augusto Monteiro']",[99454951 71924100],2021,10.21608/AEJI.2021.193111
1090922254628,"['id:206159056594, name:Lukoye Atwoli'
 'id:386547616079, name:Kirsten Patrick'
 'id:532576531850, name:Damián Vázquez'
 'id:42949672963, name:Carlos Augusto Monteiro']",[175605778  71924100],2021,10.5543/KHD.2021.21060921
1099512181043,"['id:206159056594, name:Lukoye Atwoli'
 'id:386547616079, name:Kirsten Patrick'
 'id:532576531850, name:Damián Vázquez'
 'id:42949672963, name:Carlos Augusto Monteiro']",[ 17744445 105639569],2021,10.1093/BRAINCOMMS/FCAB178
1116692049821,"['id:206159056594, name:Lukoye Atwoli'
 'id:386547616079, name:Kirsten Patrick'
 'id:532576531850, name:Damián Vázquez'
 'id:42949672963, name:Carlos Augusto Monteiro']",[47768531 17744445],2021,10.9775/2021.UNGA.EDITORIAL
1125281982779,"['id:206159056594, name:Lukoye Atwoli'
 'id:386547616079, name:Kirsten Patrick'
 'id:532576531850, name:Damián Vázquez'
 'id:42949672963, name:Carlos Augusto Monteiro']",[47768531 71924100],2021,10.1093/NDT/GFAB236
1159641722048,"['id:206159056594, name:Lukoye Atwoli'
 'id:386547616079, name:Kirsten Patrick'
 'id:532576531850, name:Damián Vázquez'
 'id:42949672963, name:Carlos Augusto Monteiro']",[ 17744445 105639569],2021,10.34172/IJHPM.2021.108
1168231656569,"['id:206159056594, name:Lukoye Atwoli'
 'id:386547616079, name:Kirsten Patrick'
 'id:532576531850, name:Damián Vázquez'
 'id:42949672963, name:Carlos Augusto Monteiro']",[47768531 17744445],2021,10.1136/BMJSRH-2021-201314
1176821590853,"['id:206159056594, name:Lukoye Atwoli'
 'id:386547616079, name:Kirsten Patrick'
 'id:532576531850, name:Damián Vázquez'
 'id:42949672963, name:Carlos Augusto Monteiro']",[15708023 17744445],2021,10.1503/CMAJ.211338-F
1185411526139,"['id:206159056594, name:Lukoye Atwoli'
 'id:386547616079, name:Kirsten Patrick'
 'id:532576531850, name:Damián Vázquez'
 'id:42949672963, name:Carlos Augusto Monteiro']",[47768531 71924100],2021,10.1136/JECH-2021-217938
1202591393715,"['id:206159056594, name:Lukoye Atwoli'
 'id:386547616079, name:Kirsten Patrick'
 'id:532576531850, name:Damián Vázquez'
 'id:42949672963, name:Carlos Augusto Monteiro']",[47768531 17744445],2021,10.1136/MEDHUM-2021-012311
1202591393735,"['id:206159056594, name:Lukoye Atwoli'
 'id:386547616079, name:Kirsten Patrick'
 'id:532576531850, name:Damián Vázquez'
 'id:42949672963, name:Carlos Augusto Monteiro']",[47768531 71924100],2021,10.1093/GERONA/GLAB228
1202591393738,"['id:206159056594, name:Lukoye Atwoli'
 'id:386547616079, name:Kirsten Patrick'
 'id:532576531850, name:Damián Vázquez'
 'id:42949672963, name:Carlos Augusto Monteiro']",[47768531 71924100],2021,10.1093/EHJCI/JEAB164
1211181301858,"['id:670015459443, name:J. Fernandez-Tejero'
 'id:472446930578, name:Kazuhiko Hara' 'id:1391569982571, name:S. Kamada'
 'id:1511829046643, name:P.P. Allport'
 'id:1357210244870, name:Miguel Ullán'
 'id:627065791804, name:Yoshinobu Unno'
 'id:1279900868211, name:A.A. Affolder']",[ 49040817 121332964],2021,10.1016/J.NIMA.2020.164928
1211181305389,"['id:146029430127, name:Kee Yuan Ngiam'
 'id:395137625025, name:Brett K Beaulieu-Jones'
 'id:120259721210, name:Griffin M Weber']",[2522767166   41008148],2021,10.2196/22219
1219771264383,"['id:206159056594, name:Lukoye Atwoli'
 'id:386547616079, name:Kirsten Patrick'
 'id:532576531850, name:Damián Vázquez'
 'id:42949672963, name:Carlos Augusto Monteiro']",[ 17744445 105639569],2021,10.26633/RPSP.2021.122
1219771267994,"['id:206159056594, name:Lukoye Atwoli'
 'id:386547616079, name:Kirsten Patrick'
 'id:532576531850, name:Damián Vázquez'
 'id:42949672963, name:Carlos Augusto Monteiro']",[17744445],2021,10.1590/0102-311X00194721
1228361197716,"['id:206159056594, name:Lukoye Atwoli'
 'id:386547616079, name:Kirsten Patrick'
 'id:532576531850, name:Damián Vázquez'
 'id:42949672963, name:Carlos Augusto Monteiro']",[47768531 71924100],2021,10.1136/BJOPHTHALMOL-2021-320290
1236951134415,"['id:206159056594, name:Lukoye Atwoli'
 'id:386547616079, name:Kirsten Patrick'
 'id:532576531850, name:Damián Vázquez'
 'id:42949672963, name:Carlos Augusto Monteiro']",[47768531 71924100],2021,10.1136/HEARTJNL-2021-320208
1236951134531,"['id:206159056594, name:Lukoye Atwoli'
 'id:386547616079, name:Kirsten Patrick'
 'id:532576531850, name:Damián Vázquez'
 'id:42949672963, name:Carlos Augusto Monteiro']",[144133560 175605778],2021,10.47671/TVGG.77.21.167
1236951134610,"['id:206159056594, name:Lukoye Atwoli'
 'id:386547616079, name:Kirsten Patrick'
 'id:532576531850, name:Damián Vázquez'
 'id:42949672963, name:Carlos Augusto Monteiro']",[15708023 17744445],2021,10.26633/RPSP.2021.123
1245541067184,"['id:206159056594, name:Lukoye Atwoli'
 'id:386547616079, name:Kirsten Patrick'
 'id:532576531850, name:Damián Vázquez'
 'id:42949672963, name:Carlos Augusto Monteiro']",[47768531 17744445],2021,10.1093/IBD/IZAB225
1254131003426,"['id:206159056594, name:Lukoye Atwoli'
 'id:386547616079, name:Kirsten Patrick'
 'id:532576531850, name:Damián Vázquez'
 'id:42949672963, name:Carlos Augusto Monteiro']",[47768531 17744445],2021,10.1136/JNNP-2021-327837
1254131003488,"['id:206159056594, name:Lukoye Atwoli'
 'id:386547616079, name:Kirsten Patrick'
 'id:532576531850, name:Damián Vázquez'
 'id:42949672963, name:Carlos Augusto Monteiro']",[155202549  71924100],2021,10.1093/JNCICS/PKAB073
1262720936913,"['id:206159056594, name:Lukoye Atwoli'
 'id:386547616079, name:Kirsten Patrick'
 'id:532576531850, name:Damián Vázquez'
 'id:42949672963, name:Carlos Augusto Monteiro']",[47768531 17744445],2021,10.1136/BMJOPHTH-2021-000880
1262720936966,"['id:206159056594, name:Lukoye Atwoli'
 'id:386547616079, name:Kirsten Patrick'
 'id:532576531850, name:Damián Vázquez'
 'id:42949672963, name:Carlos Augusto Monteiro']",[47768531 86803240],2021,10.1093/HMG/DDAB231
1271310870379,"['id:206159056594, name:Lukoye Atwoli'
 'id:386547616079, name:Kirsten Patrick'
 'id:532576531850, name:Damián Vázquez'
 'id:42949672963, name:Carlos Augusto Monteiro']",[47768531 71924100],2021,10.1136/THORAXJNL-2021-218113
1279900802052,"['id:592705983166, name:Dongpeng Li'
 'id:566936246742, name:Xiaoxiang Zhao' 'id:1632088169953, name:X. Kang'
 'id:274878487776, name:Linglong Chu']",[185592680 178790620],2021,10.1016/J.CHEMOSPHERE.2021.131578
1279900806734,"['id:206159056594, name:Lukoye Atwoli'
 'id:386547616079, name:Kirsten Patrick'
 'id:532576531850, name:Damián Vázquez'
 'id:42949672963, name:Carlos Augusto Monteiro']",[155202549  17744445],2021,10.1111/NIN.12454
1279900806739,"['id:206159056594, name:Lukoye Atwoli'
 'id:386547616079, name:Kirsten Patrick'
 'id:532576531850, name:Damián Vázquez'
 'id:42949672963, name:Carlos Augusto Monteiro']",[47768531 71924100],2021,10.1136/BMJQS-2021-014140
1297080676113,"['id:206159056594, name:Lukoye Atwoli'
 'id:386547616079, name:Kirsten Patrick'
 'id:532576531850, name:Damián Vázquez'
 'id:42949672963, name:Carlos Augusto Monteiro']",[155202549  17744445],2021,10.1093/GERONI/IGAB029
1305670610347,"['id:206159056594, name:Lukoye Atwoli'
 'id:386547616079, name:Kirsten Patrick'
 'id:532576531850, name:Damián Vázquez'
 'id:42949672963, name:Carlos Augusto Monteiro']",[ 17744445 105639569],2021,10.2196/32958
1305670611117,"['id:206159056594, name:Lukoye Atwoli'
 'id:386547616079, name:Kirsten Patrick'
 'id:532576531850, name:Damián Vázquez'
 'id:42949672963, name:Carlos Augusto Monteiro']",[199539241  71924100],2021,10.5811/WESTJEM.2021.8.54451
1314260544267,"['id:206159056594, name:Lukoye Atwoli'
 'id:386547616079, name:Kirsten Patrick'
 'id:532576531850, name:Damián Vázquez'
 'id:42949672963, name:Carlos Augusto Monteiro']",[17744445],2021,10.1016/J.GACETA.2021.08.001
1322850469297,"['id:300648249728, name:B.T. Adalsteinsson'
 'id:214748963485, name:Anita-Elin Fedøy'
 'id:111669774394, name:Eva Nordberg Karlsson'
 'id:171799277805, name:Katrine Stange Overå'
 'id:249108652430, name:Sigmar K. Stefansson'
 'id:300648343950, name:Tadeusz Kaczorowski'
 'id:652835636296, name:Hasan Arsın'
 'id:566936217113, name:Anna-Karina Kaczorowska'
 'id:1133871860964, name:Karolina Kwiatkowska-Semrau'
 'id:1503239090956, name:Bernd Striberny'
 'id:1194001509269, name:Ewa Wons' 'id:618475800232, name:Bas Vroling'
 'id:343597877615, name:Elísabet E. Gudmundsdóttir'
 'id:901943626216, name:Francine Perler'
 'id:953483295004, name:Agnieszka Morzywolek'
 'id:103079729185, name:Slawomir Dabrowski'
 'id:403727562291, name:Hildegard Watzlawick'
 'id:300648328930, name:Arnthór Aevarsson'
 'id:377957629331, name:Andrius Jasilionis'
 'id:395137618342, name:David Brandt'
 'id:214748948560, name:Sebastian Dorawa']",[2522767166  127413603],2021,10.1093/FEMSLE/FNAB067
1322850478164,"['id:206159056594, name:Lukoye Atwoli'
 'id:386547616079, name:Kirsten Patrick'
 'id:532576531850, name:Damián Vázquez'
 'id:42949672963, name:Carlos Augusto Monteiro']",[47768531 17744445],2021,10.1093/ABM/KAAB084
1322850478165,"['id:206159056594, name:Lukoye Atwoli'
 'id:386547616079, name:Kirsten Patrick'
 'id:532576531850, name:Damián Vázquez'
 'id:42949672963, name:Carlos Augusto Monteiro']",[47768531 71924100],2021,10.1093/TROPEJ/FMAB072
1331440413245,"['id:206159056594, name:Lukoye Atwoli'
 'id:386547616079, name:Kirsten Patrick'
 'id:532576531850, name:Damián Vázquez'
 'id:42949672963, name:Carlos Augusto Monteiro']",[144133560 155202549],2021,10.1136/BMJHCI-2021-100473
1331440413741,"['id:206159056594, name:Lukoye Atwoli'
 'id:386547616079, name:Kirsten Patrick'
 'id:532576531850, name:Damián Vázquez'
 'id:42949672963, name:Carlos Augusto Monteiro']",[144133560 175605778  17744445],2021,10.11606/S1518-8787.20210550001ED
1331440423157,"['id:403727448358, name:Katie Kirchoff'
 'id:146029430127, name:Kee Yuan Ngiam'
 'id:120259721210, name:Griffin M Weber']",[512399662  71924100],2021,10.2196/34625
1357210219381,"['id:206159056594, name:Lukoye Atwoli'
 'id:386547616079, name:Kirsten Patrick'
 'id:532576531850, name:Damián Vázquez'
 'id:42949672963, name:Carlos Augusto Monteiro']",[47768531 17744445],2021,10.37819/BIOSIS.002.03.0127
1357210219415,"['id:206159056594, name:Lukoye Atwoli'
 'id:386547616079, name:Kirsten Patrick'
 'id:532576531850, name:Damián Vázquez'
 'id:42949672963, name:Carlos Augusto Monteiro']",[47768531 17744445],2021,10.1093/OCCMED/KQAB125
1357210219762,"['id:206159056594, name:Lukoye Atwoli'
 'id:386547616079, name:Kirsten Patrick'
 'id:532576531850, name:Damián Vázquez'
 'id:42949672963, name:Carlos Augusto Monteiro']",[144133560 175605778],2021,10.5152/PCP.2021.21060921
1365800152343,"['id:206159056594, name:Lukoye Atwoli'
 'id:386547616079, name:Kirsten Patrick'
 'id:532576531850, name:Damián Vázquez'
 'id:42949672963, name:Carlos Augusto Monteiro']",[47768531 17744445],2021,10.1136/JIM-2021-002127
1374390086147,"['id:206159056594, name:Lukoye Atwoli'
 'id:386547616079, name:Kirsten Patrick'
 'id:532576531850, name:Damián Vázquez'
 'id:42949672963, name:Carlos Augusto Monteiro']",[47768531 17744445],2021,10.1093/NTR/NTAB163
1382980022244,"['id:206159056594, name:Lukoye Atwoli'
 'id:386547616079, name:Kirsten Patrick'
 'id:532576531850, name:Damián Vázquez'
 'id:42949672963, name:Carlos Augusto Monteiro']",[47768531 17744445],2021,10.1093/NUTRIT/NUAB067
1391569933923,"['id:309238221625, name:Guillaume Lemaître'
 'id:798864411566, name:Elisa Salamanca'
 'id:42950296600, name:Alexandre Gramfort']",[126322002  71924100],2021,10.1038/S41380-021-01021-4
1400159890152,"['id:206159056594, name:Lukoye Atwoli'
 'id:386547616079, name:Kirsten Patrick'
 'id:532576531850, name:Damián Vázquez'
 'id:42949672963, name:Carlos Augusto Monteiro']",[47768531 17744445],2021,10.1136/JMEDGENET-2021-108163
1408749825888,"['id:206159056594, name:Lukoye Atwoli'
 'id:386547616079, name:Kirsten Patrick'
 'id:532576531850, name:Damián Vázquez'
 'id:42949672963, name:Carlos Augusto Monteiro']",[47768531 17744445],2021,10.1136/MEDETHICS-2021-107825
1434519629248,"['id:403727448358, name:Katie Kirchoff'
 'id:146029430127, name:Kee Yuan Ngiam'
 'id:120259721210, name:Griffin M Weber']",[194828623  71924100],2021,10.2196/31400
1434519629474,"['id:206159056594, name:Lukoye Atwoli'
 'id:386547616079, name:Kirsten Patrick'
 'id:532576531850, name:Damián Vázquez'
 'id:42949672963, name:Carlos Augusto Monteiro']",[144133560 155202549],2021,10.1136/FMCH-2021-001369
1443109542477,"['id:309238221625, name:Guillaume Lemaître'
 'id:798864411566, name:Elisa Salamanca'
 'id:42950296600, name:Alexandre Gramfort']",[126322002  71924100],2021,10.1111/BCP.14784
1443109563320,"['id:206159056594, name:Lukoye Atwoli'
 'id:386547616079, name:Kirsten Patrick'
 'id:532576531850, name:Damián Vázquez'
 'id:42949672963, name:Carlos Augusto Monteiro']",[47768531 17744445],2021,10.1136/GPSYCH-2021-100645
1443109563333,"['id:206159056594, name:Lukoye Atwoli'
 'id:386547616079, name:Kirsten Patrick'
 'id:532576531850, name:Damián Vázquez'
 'id:42949672963, name:Carlos Augusto Monteiro']",[47768531 17744445],2021,10.1093/SCHBUL/SBAB101
1443109570175,"['id:206159056594, name:Lukoye Atwoli'
 'id:386547616079, name:Kirsten Patrick'
 'id:532576531850, name:Damián Vázquez'
 'id:42949672963, name:Carlos Augusto Monteiro']",[144133560 175605778],2021,10.4314/TJPR.V20I9.1
1460289416559,"['id:790274551803, name:M. Kaneta' 'id:1005022903957, name:C. Samanta'
 'id:962073216979, name:S. Zhamkochyan' 'id:850404104136, name:M. Furic'
 'id:274878535359, name:Satoshi Nakamura'
 'id:1271310874656, name:W. Vulcan' 'id:721555059334, name:Y. Fujii'
 'id:1537598879831, name:K. Maeda' 'id:867583901561, name:A. V. Margaryan'
 'id:1443109529659, name:T. Petkovic'
 'id:1348620260830, name:M. I. Niculescu'
 'id:1400159938793, name:R. Asaturyan'
 'id:1254130957039, name:A. Liyanage']",[121332964 147789679 184779094],2021,10.1103/PHYSREVC.103.L041301
1486059200209,"['id:472446930578, name:Kazuhiko Hara'
 'id:1271310858134, name:L.B.A.H. Hommels'
 'id:395137560825, name:E. J. Staats'
 'id:1305670667369, name:M. Mikestikova'
 'id:627065791804, name:Yoshinobu Unno']",[121332964   9390403],2021,10.1016/J.NIMA.2020.164677
1486059200856,"['id:1322850519912, name:A. Martini' 'id:919123574523, name:T. Bilka'
 'id:1623498136106, name:M. Kaleta' 'id:446677141211, name:V. Bertacchi']",[41008148 79403827],2021,10.1016/J.CPC.2020.107610
1486059236295,"['id:206159056594, name:Lukoye Atwoli'
 'id:386547616079, name:Kirsten Patrick'
 'id:532576531850, name:Damián Vázquez'
 'id:42949672963, name:Carlos Augusto Monteiro']",[47768531 17744445],2021,10.1016/J.JMIR.2021.08.005
1486059236342,"['id:206159056594, name:Lukoye Atwoli'
 'id:386547616079, name:Kirsten Patrick'
 'id:532576531850, name:Damián Vázquez'
 'id:42949672963, name:Carlos Augusto Monteiro']",[47768531 17744445],2021,10.1093/LABMED/LMAB077
1511829018783,"['id:180389124505, name:Eric M. Ek'
 'id:910533596932, name:Jonathan H. Kawamura'
 'id:738734943330, name:Troelz Denver'
 'id:747324850364, name:Patrick L. Meras'
 'id:128849532082, name:Gary Doran'
 'id:738734924792, name:Michael M. Tice'
 'id:231928815452, name:Scott Davidoff'
 'id:944893322257, name:Payam Zamani' 'id:300648320803, name:D. Flannery']",[121332964  44870925],2021,10.1007/S11214-021-00801-2
1511829039859,"['id:206159056594, name:Lukoye Atwoli'
 'id:386547616079, name:Kirsten Patrick'
 'id:532576531850, name:Damián Vázquez'
 'id:42949672963, name:Carlos Augusto Monteiro']",[47768531 17744445],2021,10.1136/INJURYPREV-2021-044398
1511829039976,"['id:206159056594, name:Lukoye Atwoli'
 'id:386547616079, name:Kirsten Patrick'
 'id:532576531850, name:Damián Vázquez'
 'id:42949672963, name:Carlos Augusto Monteiro']",[47768531 71924100],2021,10.7759/CUREUS.17758
1520418977201,"['id:206159056594, name:Lukoye Atwoli'
 'id:386547616079, name:Kirsten Patrick'
 'id:532576531850, name:Damián Vázquez'
 'id:42949672963, name:Carlos Augusto Monteiro']",[47768531 17744445],2021,10.2471/BLT.21.287129
1529008909703,"['id:206159056594, name:Lukoye Atwoli'
 'id:386547616079, name:Kirsten Patrick'
 'id:532576531850, name:Damián Vázquez'
 'id:42949672963, name:Carlos Augusto Monteiro']",[144133560 175605778],2021,10.1093/OXFIMM/IQAB017
1537598843858,"['id:206159056594, name:Lukoye Atwoli'
 'id:386547616079, name:Kirsten Patrick'
 'id:532576531850, name:Damián Vázquez'
 'id:42949672963, name:Carlos Augusto Monteiro']",[47768531 71924100],2021,10.1136/BMJGAST-2021-000773
1546188778171,"['id:206159056594, name:Lukoye Atwoli'
 'id:386547616079, name:Kirsten Patrick'
 'id:532576531850, name:Damián Vázquez'
 'id:42949672963, name:Carlos Augusto Monteiro']",[ 17744445 105639569],2021,10.20529/IJME.2021.068
1554778713509,"['id:206159056594, name:Lukoye Atwoli'
 'id:386547616079, name:Kirsten Patrick'
 'id:532576531850, name:Damián Vázquez'
 'id:42949672963, name:Carlos Augusto Monteiro']",[155202549  71924100],2021,10.1093/JSCR/RJAB377
1580548518192,"['id:206159056594, name:Lukoye Atwoli'
 'id:386547616079, name:Kirsten Patrick'
 'id:532576531850, name:Damián Vázquez'
 'id:42949672963, name:Carlos Augusto Monteiro']",[47768531 71924100],2021,10.1097/DCR.0000000000002238
1597728391737,"['id:206159056594, name:Lukoye Atwoli'
 'id:386547616079, name:Kirsten Patrick'
 'id:532576531850, name:Damián Vázquez'
 'id:42949672963, name:Carlos Augusto Monteiro']",[190253527  17744445],2021,10.1016/J.NEPHRO.2021.10.001
1606318305104,"['id:670015507029, name:B. Nebbad-Lechani'
 'id:575526237796, name:Catherine Pierre-Audigier'
 'id:317828091114, name:Sophie Bulifon'
 'id:919123598503, name:Sheila Chiesi'
 'id:17180506313, name:Jérémy Jaffré']",[126322002  71924100],2021,10.1016/J.IJID.2021.03.093
1614908254340,"['id:206159056594, name:Lukoye Atwoli'
 'id:386547616079, name:Kirsten Patrick'
 'id:532576531850, name:Damián Vázquez'
 'id:42949672963, name:Carlos Augusto Monteiro']",[47768531 71924100],2021,10.1136/POSTGRADMEDJ-2021-141037
1614908254384,"['id:206159056594, name:Lukoye Atwoli'
 'id:386547616079, name:Kirsten Patrick'
 'id:532576531850, name:Damián Vázquez'
 'id:42949672963, name:Carlos Augusto Monteiro']",[47768531 17744445],2021,10.1093/BMB/LDAB020
1614908255151,"['id:206159056594, name:Lukoye Atwoli'
 'id:386547616079, name:Kirsten Patrick'
 'id:532576531850, name:Damián Vázquez'
 'id:42949672963, name:Carlos Augusto Monteiro']",[ 17744445 105639569],2021,10.5713/AB.2021.0003ED
1623498189284,"['id:206159056594, name:Lukoye Atwoli'
 'id:386547616079, name:Kirsten Patrick'
 'id:532576531850, name:Damián Vázquez'
 'id:42949672963, name:Carlos Augusto Monteiro']",[47768531 17744445],2021,10.1136/EJHPHARM-2021-003026
1623498189345,"['id:206159056594, name:Lukoye Atwoli'
 'id:386547616079, name:Kirsten Patrick'
 'id:532576531850, name:Damián Vázquez'
 'id:42949672963, name:Carlos Augusto Monteiro']",[155202549  17744445],2021,10.1093/NOAJNL/VDAB111
1632088124932,"['id:206159056594, name:Lukoye Atwoli'
 'id:386547616079, name:Kirsten Patrick'
 'id:532576531850, name:Damián Vázquez'
 'id:42949672963, name:Carlos Augusto Monteiro']",[47768531 17744445],2021,10.1186/S41043-021-00262-X
1632088125091,"['id:206159056594, name:Lukoye Atwoli'
 'id:386547616079, name:Kirsten Patrick'
 'id:532576531850, name:Damián Vázquez'
 'id:42949672963, name:Carlos Augusto Monteiro']",[ 17744445 105639569],2021,10.1002/HPJA.534
1649267993225,"['id:206159056594, name:Lukoye Atwoli'
 'id:386547616079, name:Kirsten Patrick'
 'id:532576531850, name:Damián Vázquez'
 'id:42949672963, name:Carlos Augusto Monteiro']",[155202549  17744445],2021,10.1136/IHJ-2021-000109
1666447862301,"['id:206159056594, name:Lukoye Atwoli'
 'id:386547616079, name:Kirsten Patrick'
 'id:532576531850, name:Damián Vázquez'
 'id:42949672963, name:Carlos Augusto Monteiro']",[50522688 71924100],2021,10.17305/BJBMS.2021.6411
1700807599788,"['id:206159056594, name:Lukoye Atwoli'
 'id:386547616079, name:Kirsten Patrick'
 'id:532576531850, name:Damián Vázquez'
 'id:42949672963, name:Carlos Augusto Monteiro']",[47768531 71924100],2021,10.1136/BMJRESP-2021-001082
1709397520835,"['id:635655737196, name:S. J. D. Kay' 'id:970663148785, name:Tanja Horn'
 'id:309238158932, name:Garth M. Huber']",[121332964 109214941],2021,10.1088/1361-6471/ABF5C3
